{
    "mono_common_path": "c\\Radiant Vision Systems Data\\TrueTest\\SEQUENCE",
    "mono_sequence_filename": "X2146_Mono_MP_Glossy_ver1.seqxc",
    "color_common_path": "c\\Radiant Vision Systems Data\\TrueTest\\SEQUENCE",
    "color_sequence_filename": "X2146-Color-MP-Glossy-ver1.seqxc",
    "common_path_mono_history": [
        "c\\Radiant Vision Systems Data\\TrueTest\\SEQUENCE"
    ],
    "filename_mono_history": [
        "X2146_Mono_MP_Glossy_ver1.seqxc"
    ],
    "common_path_color_history": [],
    "filename_color_history": [],
    "line_settings": [
        "501",
        "502",
        "503",
        "504",
        "505"
    ],
    "credentials": [
        {
            "username": "user",
            "password": "1"
        },
        {
            "username": "super",
            "password": "1"
        }
    ]
}